Fund Name,P1,P2,P3,P4,P5,Topsis Score,Rank
M1,0.92,0.85,3.6,38.0,10.84,0.4845999101810397,7
M2,0.63,0.4,5.9,62.6,17.38,0.5480125555098224,4
M3,0.88,0.77,3.5,42.0,11.79,0.4694010373480438,2
M4,0.84,0.71,4.5,58.0,16.01,0.6601867860601422,1
M5,0.6,0.36,5.0,33.1,9.77,0.18879535067563913,8
M6,0.79,0.62,5.1,37.1,10.9,0.3953724275703847,3
M7,0.84,0.71,6.6,61.7,17.46,0.8337046861803333,6
M8,0.8,0.64,6.5,36.0,10.99,0.48427370971018147,5
